"","Meses","hn","cr","sv","gt","ni","pa","eua","mx","eur","chi","mes"
"1",1995-01-01,9.21,165.567096774194,8.73,5.72614,7.1471064516129,1,1,5.6405,0.805921914,8.4608,"ene. 95"
"2",1995-02-01,9.08,167.710714285714,8.72,5.70749,7.21286071428572,1,1,5.6779,0.794474273,8.4553,"feb. 95"
"3",1995-03-01,9.13,170.261935483871,8.72,5.68631,7.27923548387097,1,1,6.777,0.759265122,8.4483,"mar. 95"
"4",1995-04-01,9.12,172.853,8.72,5.72022,7.34849666666667,1,1,6.2285,0.745472003,8.4421,"abr. 95"
"5",1995-05-01,9.15,175.248709677419,8.72,5.72867,7.41841935483871,1,1,5.9741,0.756633978,8.337,"may. 95"
"6",1995-06-01,9.28,177.866,8.72,5.74684,7.48900333333333,1,1,6.233,0.75106595,8.3206,"jun. 95"
"7",1995-07-01,9.41,180.279677419355,8.72,5.75962,7.56025806451613,1,1,6.122,0.743596703,8.3207,"jul. 95"
"8",1995-08-01,9.55,182.662903225806,8.72,5.80171,7.63338064516129,1,1,6.2047,0.766629536,8.3253,"ago. 95"
"9",1995-09-01,9.67,185.270333333333,8.72,5.87913,7.70601333333333,1,1,6.3167,0.775914376,8.3374,"sep. 95"
"10",1995-10-01,9.81,187.891612903226,8.72,5.94587,7.77933870967742,1,1,6.7452,0.756331249,8.3353,"oct. 95"
"11",1995-11-01,10.04,190.654,8.72,5.98728,7.85335333333333,1,1,7.6936,0.755398265,8.3334,"nov. 95"
"12",1995-12-01,10.25,193.387741935484,8.72,5.92452,7.92808064516129,1,1,7.687,0.766692428,8.335,"dic. 95"
"13",1996-01-01,10.45,195.709032258065,8.72,6.0907,8.00475483870968,1,1,7.4806,0.774090869,8.3384,"ene. 96"
"14",1996-02-01,10.67,198.015517241379,8.72,6.15872,8.07966206896552,1,1,7.5183,0.776034201,8.3338,"feb. 96"
"15",1996-03-01,10.9,200.137741935484,8.72,6.17398,8.15527741935484,1,1,7.5682,0.780434811,8.3495,"mar. 96"
"16",1996-04-01,11.05,201.996,8.72,6.12782,8.23287333333334,1,1,7.4694,0.791198706,8.3515,"abr. 96"
"17",1996-05-01,11.18,204.011612903226,8.72,6.08057,8.31127419354839,1,1,7.4368,0.802130458,8.3479,"may. 96"
"18",1996-06-01,11.46,206.231333333333,8.72,6.12286,8.39028666666666,1,1,7.5648,0.798134281,8.3424,"jun. 96"
"19",1996-07-01,12,208.345483870968,8.72,6.08948,8.47012580645161,1,1,7.6179,0.787006213,8.3409,"jul. 96"
"20",1996-08-01,12.27,210.345161290323,8.72,6.06868,8.55204193548387,1,1,7.5143,0.779271989,8.3379,"ago. 96"
"21",1996-09-01,12.42,212.493666666667,8.72,6.04309,8.63341666666667,1,1,7.5441,0.78797984,8.3341,"sep. 96"
"22",1996-10-01,12.56,214.671290322581,8.72,6.05052,8.71555161290322,1,1,7.7345,0.794652939,8.3299,"oct. 96"
"23",1996-11-01,12.61,216.848666666667,8.72,6.00662,8.79849,1,1,7.9119,0.783146683,8.3294,"nov. 96"
"24",1996-12-01,12.78,219.012258064516,8.72,5.9947,8.8822,1,1,7.8769,0.799838753,8.329,"dic. 96"
"25",1997-01-01,12.93,220.875483870968,8.72,6.05304,8.96811290322581,1,1,7.8289,0.822229129,8.326,"ene. 97"
"26",1997-02-01,12.73,223.0125,8.72,6.09068,9.05062142857143,1,1,7.8023,0.857808762,8.3227,"feb. 97"
"27",1997-03-01,12.79,225.168709677419,8.72,5.99539,9.1339064516129,1,1,7.9562,0.869749756,8.3258,"mar. 97"
"28",1997-04-01,12.76,227.175666666667,8.72,5.99677,9.22082,1,1,7.9059,0.873351004,8.3257,"abr. 97"
"29",1997-05-01,13.05,229.275483870968,8.72,5.97565,9.30856451612903,1,1,7.9037,0.870063802,8.3229,"may. 97"
"30",1997-06-01,13.07,231.525,8.72,5.92258,9.39712,1,1,7.9498,0.879796098,8.3224,"jun. 97"
"31",1997-07-01,13.08,233.694838709677,8.72,5.95351,9.48653548387097,1,1,7.8679,0.905048633,8.3162,"jul. 97"
"32",1997-08-01,13.08,235.584193548387,8.72,6.07217,9.5782935483871,1,1,7.7818,0.932198413,8.3187,"ago. 97"
"33",1997-09-01,13.09,237.474666666667,8.72,6.10458,9.66942333333333,1,1,7.7809,0.909161162,8.3171,"sep. 97"
"34",1997-10-01,13.09,239.386451612903,8.72,6.1468,9.76143225806452,1,1,7.8708,0.892603707,8.3135,"oct. 97"
"35",1997-11-01,13.09,241.340333333333,8.72,6.21059,9.8543,1,1,8.2716,0.877679556,8.3109,"nov. 97"
"36",1997-12-01,13.1,243.255161290323,8.72,6.18186,9.94808064516129,1,1,8.1271,0.899619551,8.3099,"dic. 97"
"37",1998-01-01,13.11,244.892258064516,8.72,6.25174,10.0442870967742,1,1,8.2272,0.919350865,8.3094,"ene. 98"
"38",1998-02-01,13.16,246.838928571429,8.72,6.21013,10.1366964285714,1,1,8.5021,0.918741031,8.3072,"feb. 98"
"39",1998-03-01,13.21,248.882903225806,8.72,6.26765,10.2299806451613,1,1,8.5681,0.922228473,8.3076,"mar. 98"
"40",1998-04-01,13.21,250.932,8.72,6.28013,10.3273333333333,1,1,8.5017,0.916539039,8.3058,"abr. 98"
"41",1998-05-01,13.27,252.943225806452,8.72,6.27564,10.4255806451613,1,1,8.5848,0.901676668,8.3084,"may. 98"
"42",1998-06-01,13.32,255.277,8.72,6.30639,10.5247766666667,1,1,8.92,0.907930409,8.31,"jun. 98"
"43",1998-07-01,13.37,257.684193548387,8.72,6.34077,10.6249258064516,1,1,8.899,0.911161731,8.31,"jul. 98"
"44",1998-08-01,13.42,260.123225806452,8.72,6.3964,10.7276806451613,1,1,9.3712,0.907798534,8.31,"ago. 98"
"45",1998-09-01,13.51,262.495,8.72,6.48178,10.82976,1,1,10.2192,0.866457273,8.3055,"sep. 98"
"46",1998-10-01,13.57,264.925161290323,8.72,6.56218,10.9328,1,1,10.1594,0.837692826,8.2778,"oct. 98"
"47",1998-11-01,13.67,267.530666666667,8.72,6.55906,11.03682,1,1,9.9685,0.858794442,8.2778,"nov. 98"
"48",1998-12-01,13.75,270.080967741935,8.72,6.71953,11.1418419354839,1,1,9.9067,0.853153511,8.278,"dic. 98"
"49",1999-01-01,13.84,272.261290322581,8.72,6.97126,11.2495903225807,1,1,10.1279,0.861489688,8.2789,"ene. 99"
"50",1999-02-01,13.9,274.788571428571,8.72,6.87337,11.3531035714286,1,1,10.0057,0.892247706,8.2781,"feb. 99"
"51",1999-03-01,13.96,277.308064516129,8.72,6.96803,11.4575806451613,1,1,9.7324,0.918867661,8.2792,"mar. 99"
"52",1999-04-01,14.03,279.736666666667,8.72,7.0647,11.56658,1,1,9.4304,0.934194411,8.2792,"abr. 99"
"53",1999-05-01,14.09,282.307096774194,8.72,7.2619,11.6766548387097,1,1,9.3955,0.940901949,8.2785,"may. 99"
"54",1999-06-01,14.17,284.908666666667,8.72,7.35194,11.7877276666667,1,1,9.5146,0.96361858,8.278,"jun. 99"
"55",1999-07-01,14.22,287.326774193548,8.72,7.38059,11.8933,1,1,9.3699,0.965933459,8.2776,"jul. 99"
"56",1999-08-01,14.27,289.333225806452,8.72,7.66137,11.981964516129,1,1,9.3979,0.943080383,8.2772,"ago. 99"
"57",1999-09-01,14.35,291.233,8.72,7.77441,12.06856,1,1,9.3413,0.952311116,8.2774,"sep. 99"
"58",1999-10-01,14.39,293.118387096774,8.72,7.79699,12.1557774193548,1,1,9.5752,0.934026879,8.2775,"oct. 99"
"59",1999-11-01,14.44,295.049333333333,8.72,7.75743,12.2291133333333,1,1,9.4161,0.967283568,8.2782,"nov. 99"
"60",1999-12-01,14.49,297.022258064516,8.72,7.66364,12.2888064516129,1,1,9.4271,0.989105987,8.2794,"dic. 99"
"61",2000-01-01,14.54,298.736451612903,8.72,7.87332,12.3497709677419,1,1,9.4935,0.986490019,8.2792,"ene. 00"
"62",2000-02-01,14.61,300.414482758621,8.72,7.78135,12.4088034482759,1,1,9.4265,1.016855395,8.2781,"feb. 00"
"63",2000-03-01,14.65,302.143548387097,8.72,7.71708,12.4682151676958,1,1,9.2886,1.036975433,8.2786,"mar. 00"
"64",2000-04-01,14.7,303.751666666667,8.72,7.70609,12.5289133333333,1,1,9.3937,1.056021965,8.2793,"abr. 00"
"65",2000-05-01,14.76,305.268064516129,8.72,7.69516,12.5898935483871,1,1,9.5059,1.103791745,8.2781,"may. 00"
"66",2000-06-01,14.8,307.014333333333,8.72,7.724,12.6511733333333,1,1,9.8343,1.053544281,8.2772,"jun. 00"
"67",2000-07-01,14.85,308.728709677419,8.72,7.74189,12.7127483870968,1,1,9.4192,1.064218114,8.2794,"jul. 00"
"68",2000-08-01,14.91,310.344516129032,8.72,7.74016,12.7756483870968,1,1,9.2724,1.106124946,8.2796,"ago. 00"
"69",2000-09-01,14.98,311.990333333333,8.72,7.79254,12.8378333333333,1,1,9.3615,1.146639086,8.2785,"sep. 00"
"70",2000-10-01,15.03,313.667741935484,8.72,7.81044,12.9003225806452,1,1,9.537,1.169373181,8.2785,"oct. 00"
"71",2000-11-01,15.09,315.347666666667,8.72,7.7614,12.96312,1,1,9.5081,1.167697744,8.2774,"nov. 00"
"72",2000-12-01,15.13,317.080967741935,8.72,7.72292,13.0262193548387,1,1,9.4673,1.114434603,8.2771,"dic. 00"
"73",2001-01-01,15.15,318.627096774193,8.75,7.79306,13.0907516129032,1,1,9.7688,1.065777666,8.2776,"ene. 01"
"74",2001-02-01,15.2,320.289642857143,8.75,7.72851,13.15255,1,1,9.7108,1.084945834,8.2771,"feb. 01"
"75",2001-03-01,15.25,321.983870967742,8.75,7.69248,13.214635483871,1,1,9.599,1.099477418,8.2775,"mar. 01"
"76",2001-04-01,15.31,323.553333333333,8.75,7.73824,13.2791366666667,1,1,9.3276,1.121076233,8.2771,"abr. 01"
"77",2001-05-01,15.37,325.14935483871,8.75,7.76021,13.3439516129032,1,1,9.1475,1.143950105,8.277,"may. 01"
"78",2001-06-01,15.43,326.88,8.75,7.7891,13.4090883333333,1,1,9.0881,1.172103469,8.277,"jun. 01"
"79",2001-07-01,15.49,328.807096774193,8.75,7.79042,13.4745322580645,1,1,9.1682,1.161893608,8.2769,"jul. 01"
"80",2001-08-01,15.52,330.79935483871,8.75,7.8394,13.5413774193548,1,1,9.1332,1.110515135,8.277,"ago. 01"
"81",2001-09-01,15.59,332.922333333333,8.75,7.94337,13.60747,1,1,9.4253,1.097580384,8.2768,"sep. 01"
"82",2001-10-01,15.68,335.168709677419,8.75,8.09895,13.6738935483871,1,1,9.3391,1.10391725,8.2768,"oct. 01"
"83",2001-11-01,15.8,337.732333333333,8.75,8.07323,13.7406333333333,1,1,9.225,1.125734401,8.2769,"nov. 01"
"84",2001-12-01,15.88,340.313225806451,8.75,7.94645,13.8077161290323,1,1,9.1574,1.120608894,8.2764,"dic. 01"
"85",2002-01-01,15.97,342.670967741935,8.75,8.00503,13.8621,1,1,9.1636,1.132136137,8.2771,"ene. 02"
"86",2002-02-01,16.07,345.524285714286,8.75,7.92902,13.9149,1,1,9.105,1.149379048,8.2767,"feb. 02"
"87",2002-03-01,16.15,348.526774193548,8.75,7.90187,13.983,1,1,9.064,1.141813199,8.2773,"mar. 02"
"88",2002-04-01,16.23,351.335,8.75,7.81547,14.0527,1,1,9.1649,1.128868208,8.2772,"abr. 02"
"89",2002-05-01,16.31,354.385483870968,8.75,7.85872,14.1466,1,1,9.5099,1.090512541,8.277,"may. 02"
"90",2002-06-01,16.39,357.641,8.75,7.88929,14.2436,1,1,9.7671,1.046638198,8.2767,"jun. 02"
"91",2002-07-01,16.47,360.86,8.75,7.84418,14.2648,1,1,9.7792,1.007878587,8.2768,"jul. 02"
"92",2002-08-01,16.55,363.873548387097,8.75,7.75982,14.3295,1,1,9.8389,1.022746914,8.2767,"ago. 02"
"93",2002-09-01,16.64,367.056333333333,8.75,7.77145,14.4255,1,1,10.0708,1.019581054,8.277,"sep. 02"
"94",2002-10-01,16.73,370.277419354839,8.75,7.71726,14.4897,1,1,10.0941,1.01924,8.2772,"oct. 02"
"95",2002-11-01,16.8,373.576333333333,8.75,7.60066,14.551,1,1,10.1952,0.998204,8.2772,"nov. 02"
"96",2002-12-01,16.88,376.925806451613,8.75,7.6367,14.6049,1,1,10.2251,0.981194,8.2777,"dic. 02"
"97",2003-01-01,16.96,379.883225806452,8.75,7.78465,14.6928,1,1,10.6223,0.9416,8.2775,"ene. 03"
"98",2003-02-01,17.04,383.211428571428,8.75,7.81442,14.7624,1,1,10.9447,0.927264,8.278,"feb. 03"
"99",2003-03-01,17.11,386.594516129032,8.75,7.89245,14.8422,1,1,10.9053,0.926369,8.2773,"mar. 03"
"100",2003-04-01,17.18,389.828666666667,8.75,7.89457,14.9195,1,1,10.5887,0.920756,8.2772,"abr. 03"
"101",2003-05-01,17.23,392.926451612903,8.75,7.89054,14.9912,1,1,10.2528,0.865632,8.2769,"may. 03"
"102",2003-06-01,17.3,396.358333333333,8.75,7.90827,15.0721,1,1,10.5028,0.856689,8.2771,"jun. 03"
"103",2003-07-01,17.38,399.85935483871,8.75,7.90744,15.1853,1,1,10.4581,0.879984,8.2773,"jul. 03"
"104",2003-08-01,17.45,403.035161290323,8.75,7.91057,15.1651,1,1,10.783,0.896693,8.277,"ago. 03"
"105",2003-09-01,17.53,406.257333333333,8.75,7.97079,15.3093,1,1,10.9229,0.887894,8.2772,"sep. 03"
"106",2003-10-01,17.6,409.649677419355,8.75,8.0822,15.4447,1,1,11.1796,0.854156,8.2768,"oct. 03"
"107",2003-11-01,17.67,413.166,8.75,8.0664,15.4718,1,1,11.1494,0.855,8.2769,"nov. 03"
"108",2003-12-01,17.73,416.629677419355,8.75,8.01746,15.5284,1,1,11.2515,0.813343,8.277,"dic. 03"
"109",2004-01-01,17.78,419.309677419355,8.75,8.09869,15.6318,1,1,10.9203,0.791328,8.277,"ene. 04"
"110",2004-02-01,17.86,422.45,8.75,8.09348,15.6826,1,1,11.0319,0.791199,8.2771,"feb. 04"
"111",2004-03-01,17.94,425.666774193548,8.75,8.08826,15.7525,1,1,11.019,0.815652,8.2771,"mar. 04"
"112",2004-04-01,18.02,428.717666666667,8.75,8.03469,15.8154,1,1,11.2701,0.834161,8.2769,"abr. 04"
"113",2004-05-01,18.1,431.892258064516,8.75,7.97367,15.8906507150574,1,1,11.5199,0.833433,8.2771,"may. 04"
"114",2004-06-01,18.17,435.101,8.75,7.9268,15.9534,1,1,11.3926,0.823351,8.2767,"jun. 04"
"115",2004-07-01,18.24,438.359032258065,8.75,7.88227,15.9869589638737,1,1,11.4678,0.815356,8.2767,"jul. 04"
"116",2004-08-01,18.33,441.695161290323,8.75,7.89726,16.036180517189,1,1,11.3953,0.820331,8.2768,"ago. 04"
"117",2004-09-01,18.41,445.213666666667,8.75,7.88727,16.0515423719511,1,1,11.487,0.8181,8.2767,"sep. 04"
"118",2004-10-01,18.49,448.858387096774,8.75,7.81805,16.0844695555484,1,1,11.4037,0.799695,8.2765,"oct. 04"
"119",2004-11-01,18.54,452.441666666667,8.75,7.75895,16.1073680571393,1,1,11.371,0.769676,8.2765,"nov. 04"
"120",2004-12-01,18.59,456.041612903226,8.75,7.76585,16.1354774681716,1,1,11.2012,0.745974,8.2765,"dic. 04"
"121",2005-01-01,18.66,459.519677419355,8.75,7.75159,16.2872,1,1,11.2627,0.762113,8.2765,"ene. 05"
"122",2005-02-01,18.73,462.804642857143,8.75,7.70642,16.4573,1,1,11.1373,0.768564,8.2765,"feb. 05"
"123",2005-03-01,18.77,465.914193548387,8.75,7.60374,16.5247,1,1,11.1552,0.7585,8.2765,"mar. 05"
"124",2005-04-01,18.81,468.815333333333,8.75,7.59479,16.5694,1,1,11.1121,0.772678,8.2765,"abr. 05"
"125",2005-05-01,18.85,471.983870967742,8.75,7.58225,16.6574,1,1,10.9764,0.788075,8.2765,"may. 05"
"126",2005-06-01,18.86,475.28,8.75,7.60466,16.6816,1,1,10.8197,0.822727,8.2765,"jun. 05"
"127",2005-07-01,18.87,478.499677419355,8.75,7.58016,16.8089,1,1,10.6724,0.830835,8.2264,"jul. 05"
"128",2005-08-01,18.87,481.456774193548,8.75,7.5793,16.8875,1,1,10.6862,0.813361,8.1017,"ago. 05"
"129",2005-09-01,18.88,484.562,8.75,7.61243,16.9521,1,1,10.7858,0.816512,8.0919,"sep. 05"
"130",2005-10-01,18.89,487.719677419355,8.75,7.66584,17.0094,1,1,10.8354,0.831505,8.0895,"oct. 05"
"131",2005-11-01,18.9,490.914333333333,8.75,7.60081,17.0805,1,1,10.6715,0.848452,8.084,"nov. 05"
"132",2005-12-01,18.9,494.146774193548,8.75,7.60234,17.1058,1,1,10.6266,0.843167,8.0755,"dic. 05"
"133",2006-01-01,18.9,497.287096774194,8.75,7.61146,17.2182,1,1,10.5422,0.82627,8.0654,"ene. 06"
"134",2006-02-01,18.9,500.232142857143,8.75,7.59895,17.309,1,1,10.4842,0.837593,8.0512,"feb. 06"
"135",2006-03-01,18.9,502.987096774194,8.75,7.60908,17.3620987564245,1,1,10.7493,0.83141,8.035,"mar. 06"
"136",2006-04-01,18.9,505.561666666667,8.75,7.58411,17.4192,1,1,11.0489,0.814902,8.0143,"abr. 06"
"137",2006-05-01,18.9,507.630322580645,8.75,7.5749,17.4924,1,1,11.0908,0.783345,8.0131,"may. 06"
"138",2006-06-01,18.9,510.394333333333,8.75,7.60124,17.5909000355006,1,1,11.3934,0.789929,8.0042,"jun. 06"
"139",2006-07-01,18.9,513.26935483871,8.75,7.57412,17.6290686777342,1,1,10.983,0.788641,7.9897,"jul. 06"
"140",2006-08-01,18.9,515.882258064516,8.75,7.57383,17.7196,1,1,10.8735,0.780622,7.9722,"ago. 06"
"141",2006-09-01,18.9,518.498666666667,8.75,7.59764,17.748595450452,1,1,10.9888,0.785722,7.9334,"sep. 06"
"142",2006-10-01,18.9,518.018709677419,8.75,7.60496,17.8292,1,1,10.8854,0.792652,7.9018,"oct. 06"
"143",2006-11-01,18.9,514.762666666667,8.75,7.59913,17.9154618516247,1,1,10.9133,0.775936,7.8622,"nov. 06"
"144",2006-12-01,18.9,515.190967741935,8.75,7.59505,17.9846,1,1,10.8546,0.757527,7.8219,"dic. 06"
"145",2007-01-01,18.9,516.151935483871,8.75,7.66913,18.06,1,1,10.9559,0.769334,7.7876,"ene. 07"
"146",2007-02-01,18.9,517.1875,8.75,7.6863,18.1479,1,1,10.9951,0.764384,7.7502,"feb. 07"
"147",2007-03-01,18.9,516.915806451613,8.75,7.68327,18.1942534964155,1,1,11.1144,0.754985,7.7369,"mar. 07"
"148",2007-04-01,18.9,516.734,8.75,7.65258,18.2190065749851,1,1,10.9802,0.740076,7.7247,"abr. 07"
"149",2007-05-01,18.9,516.767741935484,8.75,7.63443,18.2588811257596,1,1,10.8221,0.739935,7.6773,"may. 07"
"150",2007-06-01,18.9,516.676333333333,8.75,7.66962,18.2928,1,1,10.833,0.745139,7.6333,"jun. 07"
"151",2007-07-01,18.9,516.595483870968,8.75,7.67015,18.3649,1,1,10.8146,0.728812,7.5757,"jul. 07"
"152",2007-08-01,18.9,516.575483870968,8.75,7.65421,18.5101,1,1,11.0438,0.733945,7.5734,"ago. 07"
"153",2007-09-01,18.9,516.366666666667,8.75,7.69024515062964,18.5948,1,1,11.0319,0.719036,7.521,"sep. 07"
"154",2007-10-01,18.9,516.582258064516,8.75,7.71088,18.7143,1,1,10.8214,0.702626,7.5019,"oct. 07"
"155",2007-11-01,18.9,511.291333333333,8.75,7.62987242825104,18.793,1,1,10.8811,0.681164,7.421,"nov. 07"
"156",2007-12-01,18.9,495.754838709677,8.75,7.61451931414721,18.8406,1,1,10.8463,0.687273,7.3682,"dic. 07"
"157",2008-01-01,18.9,494.608064516129,8.75,7.69500035321703,18.9028870997817,1,1,10.9057,0.67947,7.2405,"ene. 08"
"158",2008-02-01,18.9,493.508275862069,8.75,7.71384162873751,18.995517022689,1,1,10.7679,0.677845,7.1644,"feb. 08"
"159",2008-03-01,18.9,492.35935483871,8.75,7.62841806290537,19.0637886881466,1,1,10.7328,0.64443,7.0722,"mar. 08"
"160",2008-04-01,18.9,491.277,8.75,7.53041711420753,19.1248910604915,1,1,10.5146,0.634813,6.9997,"abr. 08"
"161",2008-05-01,18.91,507.554838709677,8.75,7.42408705006703,19.2138959730532,1,1,10.4381,0.642524,6.9725,"may. 08"
"162",2008-06-01,18.9,516.461666666667,8.75,7.48208338292843,19.3017215748422,1,1,10.3269,0.642637,6.8993,"jun. 08"
"163",2008-07-01,18.9,532.260322580645,8.75,7.43176525075348,19.3756,1,1,10.2094,0.634692,6.8355,"jul. 08"
"164",2008-08-01,18.9,547.150967741935,8.75,7.39719852684384,19.4755835780069,1,1,10.1154,0.668898,6.8462,"ago. 08"
"165",2008-09-01,18.9,548.974,8.75,7.45037110403009,19.4329611173188,1,1,10.6633,0.696734,6.8307,"sep. 08"
"166",2008-10-01,18.9,550.251935483871,8.75,7.51294665993038,19.6469792962531,1,1,12.6593,0.753716,6.8358,"oct. 08"
"167",2008-11-01,18.9,548.653333333333,8.75,7.6208658613064,19.7315877214985,1,1,13.1186,0.78448,6.8281,"nov. 08"
"168",2008-12-01,18.9,544.482580645162,8.75,7.68926777477747,19.7958824213652,1,1,13.4167,0.740453,6.8539,"dic. 08"
"169",2009-01-01,18.9,551.308387096774,8.75,7.84551140617786,19.9160422473344,1,1,13.8839,0.755724,6.836,"ene. 09"
"170",2009-02-01,18.9,557.783928571429,8.75,7.93244627497679,19.9979265539646,1,1,14.6066,0.782243,6.8363,"feb. 09"
"171",2009-03-01,18.9,560.711612903226,8.75,8.06358433052838,20.0287,1,1,14.6466,0.766963,6.836,"mar. 09"
"172",2009-04-01,18.9,565.096333333333,8.75,8.07956143522583,20.0065549914486,1,1,13.4035,0.757793,6.8306,"abr. 09"
"173",2009-05-01,18.9,569.737096774193,8.75,8.08862782046637,20.1648806834834,1,1,13.1895,0.733808,6.8235,"may. 09"
"174",2009-06-01,18.9,571.894,8.75,8.11908353476209,20.2735222552118,1,1,13.3414,0.713503,6.8334,"jun. 09"
"175",2009-07-01,18.9,577.198709677419,8.75,8.16513165468082,20.3706985166069,1,1,13.3623,0.709885,6.8317,"jul. 09"
"176",2009-08-01,18.9,582.208387096774,8.75,8.24937113887962,20.4953267141184,1,1,13.0063,0.7009,6.8323,"ago. 09"
"177",2009-09-01,18.9,582.155666666667,8.75,8.30312785334969,20.5780716553466,1,1,13.406,0.686827,6.8277,"sep. 09"
"178",2009-10-01,18.9,577.491290322581,8.75,8.33566496684725,20.6578707553918,1,1,13.2275,0.674987,6.8267,"oct. 09"
"179",2009-11-01,18.9,562.383666666667,8.75,8.29260755355148,20.7250831235776,1,1,13.1115,0.670522,6.8271,"nov. 09"
"180",2009-12-01,18.9,562.636129032258,8.75,8.31413213364882,20.7814634558022,1,1,12.8622,0.68454,6.8275,"dic. 09"
"181",2010-01-01,18.9,559.05064516129,8.75,8.35634050854408,20.9182346968068,1,1,12.8096,0.70078,6.8269,"ene. 10"
"182",2010-02-01,18.9,548.638571428571,8.75,8.13612621903426,21.0387695559122,1,1,12.9396,0.730765,6.8285,"feb. 10"
"183",2010-03-01,18.9,532.646774193548,8.75,8.01032769049425,21.1217963624451,1,1,12.5673,0.73706,6.8262,"mar. 10"
"184",2010-04-01,18.9,511.288333333333,8.75,7.9928449678823,21.184484763543,1,1,12.2396,0.745791,6.8256,"abr. 10"
"185",2010-05-01,18.9,522.395483870968,8.75,7.98790619496561,21.2623047287084,1,1,12.7262,0.796253,6.8275,"may. 10"
"186",2010-06-01,18.9,529.913333333333,8.75,7.99823254505077,21.3389557330312,1,1,12.7102,0.819193,6.8184,"jun. 10"
"187",2010-07-01,18.9,518.704516129032,8.75,7.99287,21.4231513531518,1,1,12.8038,0.783286,6.7762,"jul. 10"
"188",2010-08-01,18.9,506.845806451613,8.75,8,21.5303911528636,1,1,12.766,0.775236,6.7873,"ago. 10"
"189",2010-09-01,18.9,505.058666666667,8.75,8.06628,21.619256082981,1,1,12.7977,0.765702,6.7396,"sep. 10"
"190",2010-10-01,18.9,505.058064516129,8.75,8.04459,21.7201371619893,1,1,12.4393,0.719578,6.6678,"oct. 10"
"191",2010-11-01,18.9,507.397,8.75,7.99179,21.7410558781914,1,1,12.3376,0.732405,6.6538,"nov. 10"
"192",2010-12-01,18.9,501.12129032258,8.75,7.96,21.7999789041609,1,1,12.3902,0.756462,6.6497,"dic. 10"
"193",2011-01-01,18.9,501.867419354839,8.75,7.94,21.9595456176016,1,1,12.128,0.748475,6.5964,"ene. 11"
"194",2011-02-01,18.9,497.197857142857,8.75,7.79368,22.0641757830527,1,1,12.0649,0.732902,6.5761,"feb. 11"
"195",2011-03-01,18.9,495.12,8.75,7.69118,22.129389726416,1,1,11.9963,0.714394,6.5645,"mar. 11"
"196",2011-04-01,18.9,494.498666666667,8.75,7.60334,22.1644166896092,1,1,11.7059,0.692236,6.5267,"abr. 11"
"197",2011-05-01,18.9,497.778709677419,8.75,7.65,22.2516833350382,1,1,11.6542,0.697143,6.4957,"may. 11"
"198",2011-06-01,18.9,500.214666666667,8.75,7.76492,22.402375882596,1,1,11.8055,0.695079,6.4746,"jun. 11"
"199",2011-07-01,18.87,499.409032258064,8.75,7.74445,22.513748801951,1,1,11.6741,0.701133,6.4575,"jul. 11"
"200",2011-08-01,18.85,500.190967741935,8.75,7.81485,22.6046352276354,1,1,12.2366,0.697231,6.4036,"ago. 11"
"201",2011-09-01,18.92,505.498,8.75,7.83991,22.6761293553158,1,1,13.0637,0.726457,6.3885,"sep. 11"
"202",2011-10-01,18.99,509.520967741936,8.75,7.8299174515733,22.7241664527084,1,1,13.4379,0.729854,6.371,"oct. 11"
"203",2011-11-01,18.98,502.216,8.75,7.80089,22.7599884527615,1,1,13.6955,0.737802,6.3564,"nov. 11"
"204",2011-12-01,19.01,499.805806451613,8.75,7.78560765422198,22.833220303054,1,1,13.7746,0.758942,6.3482,"dic. 11"
"205",2012-01-01,19.09,504.097419354839,8.75,7.79612,23.0137846023797,1,1,13.3829,0.775004,6.3172,"ene. 12"
"206",2012-02-01,19.16,505.049310344828,8.75,7.77172,23.1282248813426,1,1,12.7833,0.756264,6.2997,"feb. 12"
"207",2012-03-01,19.24,503.256774193548,8.75,7.71141,23.1619157030742,1,1,12.7523,0.757553,6.3125,"mar. 12"
"208",2012-04-01,19.3,499.635,8.75,7.73617,23.2158340866951,1,1,13.0559,0.760022,6.3043,"abr. 12"
"209",2012-05-01,19.38,499.325806451613,8.75,7.77138,23.2919538002654,1,1,13.6199,0.781032,6.3242,"may. 12"
"210",2012-06-01,19.46,494.778,8.75,7.83669,23.4245675766461,1,1,13.9193,0.798362,6.3633,"jun. 12"
"211",2012-07-01,19.53,495.248064516129,8.75,7.81162,23.6046959468426,1,1,13.3638,0.813635,6.3717,"jul. 12"
"212",2012-08-01,19.62,494.003548387097,8.75,7.87302,23.7337398682335,1,1,13.1793,0.806507,6.3593,"ago. 12"
"213",2012-09-01,19.7,492.617666666667,8.75,7.96008,23.8137539928574,1,1,12.9235,0.77709,6.32,"sep. 12"
"214",2012-10-01,19.77,492.404516129032,8.75,7.85913,23.8614659540302,1,1,12.8976,0.770544,6.2627,"oct. 12"
"215",2012-11-01,19.85,494.433333333333,8.75,7.85776,23.9743165870356,1,1,13.0639,0.769651,6.2338,"nov. 12"
"216",2012-12-01,19.93,494.331290322581,8.75,7.8761,24.070408755499,1,1,12.8651,0.762618,6.2328,"dic. 12"
"217",2013-01-01,20,495.343225806452,8.75,7.86762,24.2260226141557,1,1,12.6964,0.751635,6.2215,"ene. 13"
"218",2013-02-01,20.08,496.218571428572,8.75,7.8144,24.3569576508139,1,1,12.7249,0.748673,6.2323,"feb. 13"
"219",2013-03-01,20.15,493.501935483871,8.75,7.79645,24.4090695256725,1,1,12.5,0.771468,6.2154,"mar. 13"
"220",2013-04-01,20.22,493.493333333334,8.75,7.78332,24.4114610729661,1,1,12.2061,0.767746,6.1861,"abr. 13"
"221",2013-05-01,20.3,493.594838709677,8.75,7.77591,24.5370256325617,1,1,12.2993,0.770547,6.1416,"may. 13"
"222",2013-06-01,20.38,493.33,8.75,7.80508,24.6826777843005,1,1,12.9636,0.758973,6.1342,"jun. 13"
"223",2013-07-01,20.46,493.066774193549,8.75,7.81015,24.825860099274,1,1,12.7615,0.764668,6.1343,"jul. 13"
"224",2013-08-01,20.46,493.143225806452,8.75,7.88726580861614,24.9277369389266,1,1,12.912,0.751037,6.1213,"ago. 13"
"225",2013-09-01,20.53,495.121,8.75,7.92877,25.0395040534695,1,1,13.0553,0.748762,6.1198,"sep. 13"
"226",2013-10-01,20.53,493.963225806452,8.75,7.94526,25.171504138765,1,1,12.9916,0.732967,6.1032,"oct. 13"
"227",2013-11-01,20.55,493.588333333333,8.75,7.88078,25.2366739056451,1,1,13.0597,0.741259,6.0929,"nov. 13"
"228",2013-12-01,20.59,493.506129032258,8.75,7.84517,25.2530780058559,1,1,13.0099,0.72962,6.0738,"dic. 13"
"229",2014-01-01,20.63,496.415806451613,8.75,7.83208,25.4213519435287,1,1,13.222,0.734198,6.0509,"ene. 14"
"230",2014-02-01,20.67,518.763928571429,8.75,7.74527,25.5778396059678,1,1,13.2928,0.73218,6.0816,"feb. 14"
"231",2014-03-01,20.73,541.999032258064,8.75,7.71618,25.6585423938127,1,1,13.1929,0.723186,6.1729,"mar. 14"
"232",2014-04-01,20.77,540.120333333334,8.75,7.73589,25.6579308876421,1,1,13.0669,0.724163,6.2246,"abr. 14"
"233",2014-05-01,20.82,545.727741935484,8.75,7.72384,25.7984481975197,1,1,12.933,0.728241,6.238,"may. 14"
"234",2014-06-01,20.92,544.762666666667,8.75,7.79406,25.9774804777564,1,1,12.9932,0.735341,6.2306,"jun. 14"
"235",2014-07-01,20.96,533.022903225806,8.75,7.76086,26.1112471050687,1,1,12.9914,0.738765,6.1984,"jul. 14"
"236",2014-08-01,21.05,534.171612903226,8.75,7.79196,26.1853604983515,1,1,13.1436,0.750935,6.1541,"ago. 14"
"237",2014-09-01,21.17,534.256,8.75,7.70741,26.2412207438744,1,1,13.237,0.775966,6.1382,"sep. 14"
"238",2014-10-01,21.29,533.835161290322,8.75,7.62633,26.3637685380158,1,1,13.4795,0.789418,6.1251,"oct. 14"
"239",2014-11-01,21.35,531.394333333333,8.75,7.60286,26.4381788768188,1,1,13.6148,0.801875,6.1249,"nov. 14"
"240",2014-12-01,21.47,529.307419354839,8.75,7.60817,26.4917878296,1,1,14.5205,0.81232,6.1886,"dic. 14"
"241",2015-01-01,21.61,531.495161290323,8.75,7.62621,26.6653357638988,1,1,14.6972,0.860294,6.2181,"ene. 15"
"242",2015-02-01,21.78,530.875357142857,8.75,7.62794,26.7355562526414,1,1,14.917,0.881461,6.2518,"feb. 15"
"243",2015-03-01,21.84,527.392580645162,8.75,7.612,26.8154410027666,1,1,15.2375,0.924815,6.2386,"mar. 15"
"244",2015-04-01,21.94,526.166,8.75,7.69117,26.9014686099069,1,1,15.1943,0.924432,6.201,"abr. 15"
"245",2015-05-01,21.9378,526.915161290323,8.75,7.6642,27.0305311211999,1,1,15.2796,0.896047,6.2035,"may. 15"
"246",2015-06-01,21.9247,529.670666666667,8.75,7.63225,27.1655616811216,1,1,15.4792,0.890998,6.2052,"jun. 15"
"247",2015-07-01,21.9191,528.339677419355,8.75,7.63198,27.3697503133419,1,1,15.9515,0.908698,6.2085,"jul. 15"
"248",2015-08-01,21.9807428571429,528.019032258064,8.75,7.63248,27.4816117026018,1,1,16.534,0.898446,6.3383,"ago. 15"
"249",2015-09-01,21.9480095238095,528.784333333333,8.75,7.67311,27.5638600155617,1,1,16.8387,0.890391,6.3676,"sep. 15"
"250",2015-10-01,22.0385315789474,528.356774193548,8.75,7.66311,27.7212038008747,1,1,16.5697,0.890864,6.3505,"oct. 15"
"251",2015-11-01,22.1450809523809,527.246333333333,8.75,7.62534,27.8077675403057,1,1,16.6306,0.932802,6.364,"nov. 15"
"252",2015-12-01,22.2905,528.06,8.75,7.5988,27.8801809306288,1,1,17.0696,0.91736,6.4491,"dic. 15"
"253",2016-01-01,22.45482,530.063870967742,8.75,7.63297,28.0743639032249,1,1,18.0648,0.920869,6.5726,"ene. 16"
"254",2016-02-01,22.5875,530.384137931035,8.75,7.64788,28.2036942957942,1,1,18.4332,0.90081,6.5501,"feb. 16"
"255",2016-03-01,22.6261,529.096451612903,8.75,7.70047,28.2477246333498,1,1,17.6303,0.898016,6.5027,"mar. 16"
"256",2016-04-01,22.590245,529.804,8.75,7.7148,28.2815138755423,1,1,17.4795,0.881558,6.4754,"abr. 16"
"257",2016-05-01,22.608,531.253225806452,8.75,7.62986,28.4317928421351,1,1,18.136,0.885215,6.5259,"may. 16"
"258",2016-06-01,22.7417090909091,537.132333333333,8.75,7.62439,28.5459611244305,1,1,18.6538,0.88988,6.5892,"jun. 16"
"259",2016-07-01,22.8394380952381,541.872580645161,8.75,7.57933,28.7362,1,1,18.6155,0.88988,6.6771,"jul. 16"
"260",2016-08-01,22.889,544.305483870968,8.75,7.51751,28.8709246973963,1,1,18.4742,0.892653,6.6466,"ago. 16"
"261",2016-09-01,22.965619047619,545.888333333333,8.75,7.50672,29.0112854727432,1,1,19.2436,0.892168,6.6702,"sep. 16"
"262",2016-10-01,23.0814833333333,547.144516129032,8.75,7.4791,29.1235678080525,1,1,18.8912,0.906514,6.7303,"oct. 16"
"263",2016-11-01,23.1804590909091,548.048,8.75,7.48717,29.2208478563472,1,1,20.0086,0.927533,6.8402,"nov. 16"
"264",2016-12-01,23.4560285714286,546.178709677419,8.75,7.48697,29.3221512833596,1,1,20.4992,0.949,6.9198,"dic. 16"
"265",2017-01-01,23.5873904761905,548.449677419355,8.75,7.49892,29.4536,1,1,21.3911,0.940953,6.8907,"ene. 17"
"266",2017-02-01,23.5673,553.992857142857,8.75,7.38611,29.5809,1,1,20.3008,0.939084,6.8694,"feb. 17"
"267",2017-03-01,23.5316652173913,553.587741935484,8.75,7.34063,29.6478,1,1,19.28,0.934992,6.894,"mar. 17"
"268",2017-04-01,23.4623266666667,555.714333333333,8.75,7.32092,29.6833,1,1,18.7672,0.934006,6.8876,"abr. 17"
"269",2017-05-01,23.4702363636364,567.81935483871,8.75,7.32279,29.876,1,1,18.7666,0.905054,6.8843,"may. 17"
"270",2017-06-01,23.4436863636364,564.165666666667,8.75,7.32477,30.0517,1,1,18.1293,0.890948,6.8066,"jun. 17"
"271",2017-07-01,23.4349619047619,568.695161290323,8.75,7.28218,30.1595589352509,1,1,17.8081,0.867936,6.7694,"jul. 17"
"272",2017-08-01,23.3723260869565,571.780967741936,8.75,7.2568,30.2772116894962,1,1,17.7969,0.846222,6.667,"ago. 17"
"273",2017-09-01,23.382875,572.984666666667,8.75,7.28662,30.4258983449373,1,1,17.8305,0.83915,6.569,"sep. 17"
"274",2017-10-01,23.4661647058824,568.423870967742,8.75,7.32409,30.5019954833734,1,1,18.8215,0.850597,6.6254,"oct. 17"
"275",2017-11-01,23.5682619047619,564.962333333333,8.75,7.3119,30.5701227370464,1,1,18.9306,0.852135,6.62,"nov. 17"
"276",2017-12-01,23.5579526315789,563.628064516129,8.75,7.32288,30.6827883761604,1,1,19.1765,0.844679,6.5932,"dic. 17"
"277",2018-01-01,23.5988818181818,566.154193548387,8.75,7.32509,30.8652,1,1,18.9118,0.820628,6.4233,"ene. 18"
"278",2018-02-01,23.563805,567.583928571429,8.75,7.3437,30.9567,1,1,18.6473,0.809402,6.3183,"feb. 18"
"279",2018-03-01,23.6163105263158,564.264193548387,8.75,7.376,31.0375,1,1,18.5901,0.811075,6.3174,"mar. 18"
"280",2018-04-01,23.651419047619,562.166666666667,8.75,7.39368,31.1325,1,1,18.3876,0.814215,6.2967,"abr. 18"
"281",2018-05-01,23.8015863636364,562.101290322581,8.75,7.42816,31.3916,1,1,19.5525,0.845166,6.3701,"may. 18"
"282",2018-06-01,23.9525571428571,564.2,8.75,7.46997,31.6175,1,1,20.2878,0.856507,6.4651,"jun. 18"
"283",2018-07-01,23.9861681818182,563.884838709677,8.75,7.46569,31.7721,1,1,18.9856,0.855222,6.7164,"jul. 18"
"284",2018-08-01,23.9976217391304,564.656451612903,8.75,7.49099,31.8922949564619,1,1,18.8633,0.866025807569066,6.8453,"ago. 18"
"285",2018-09-01,24.039345,575.871333333334,8.75,7.64791,32.0366448582531,1,1,18.9991,0.857118368046627,6.8551,"sep. 18"
"286",2018-10-01,24.0740444444444,588.975161290323,8.75,7.70871,32.181762536758,1,1,19.1958,0.870473537604457,6.9191,"oct. 18"
"287",2018-11-01,24.2224090909091,607.727666666667,8.75,7.67943,32.3920700472567,1,1,20.228775,0.879819320304382,6.938726,"nov. 18"
"288",2018-12-01,24.3287,597.922580645161,8.75,7.71333,32.518399120441,1,1,20.11816,0.87938450119992,6.894154,"dic. 18"
"289",2019-01-01,24.3372136363636,602.632580645161,8.75,7.71315,32.6607,1,1,19.198509,0.875655975782858,6.796138,"ene. 19"
"290",2019-02-01,24.38353,606.8175,8.75,7.71412,32.7895,1,1,19.179172,0.880858590485318,6.741017,"feb. 19"
"291",2019-03-01,24.4229238095238,600.593548387097,8.75,7.66956,32.9153,1,1,19.2470724137931,0.884428948039799,6.71211724137931,"mar. 19"
"292",2019-04-01,24.4330882352941,596.697333333333,8.75,7.62457,33.0457810204009,1,1,18.9419037037037,0.890160982189933,6.71523333333333,"abr. 19"
"293",2019-05-01,24.4574909090909,588.77064516129,8.75,7.65238,33.1905030346789,1,1,19.1109071428571,0.893755627350246,6.85437142857143,"may. 19"
"294",2019-06-01,24.50532,583.028333333333,8.75,7.68383,33.321434086666,1,1,19.272968,0.893755627350246,6.89795702397972,"jun. 19"
"295",2019-07-01,24.4994826086957,573.66,8.75,7.65511,33.4560180773065,1,1,19.0476222222222,0.891808160432411,6.87776206896551,"jul. 19"
"296",2019-08-01,24.5406318181818,565.142903225806,8.75,7.6529,33.593728284396,1,1,19.65781,0.89804,7.05749230769231,"ago. 19"
"297",2019-09-01,24.6055894736842,574.641239594913,8.75,7.68701560827013,33.7288914043169,1,1,19.6259146820421,0.907715398173759,7.12206179164647,"sep. 19"
"298",2019-10-01,24.6349736842105,578.084077831843,8.75,7.7447398581319,33.8844257847017,1,1,19.2836767486262,0.902413108071844,7.0893130972969,"oct. 19"
"299",2019-11-01,24.6369,573.396874668172,8.75,7.68674411178009,33.9828845612333,1,1,19.3181089689045,0.904499585351641,7.02323228942957,"nov. 19"
"300",2019-12-01,24.6454142857143,565.0296713327,8.75,7.66967189259928,34.0627523868767,1,1,19.1634250570417,0.900032987567086,7.01906030333467,"dic. 19"
"301",2020-01-01,24.6495181818182,566.854156857977,8.75,7.67676467037238,34.1545945371124,1,1,18.815284372734,0.900480490299403,6.91805374754524,"ene. 20"
"302",2020-02-01,24.6714,568.224840031986,8.75,7.63010461380354,34.2359309379321,1,1,18.8133112726108,0.916647127252801,7.00155896933907,"feb. 20"
"303",2020-03-01,24.7152227272727,567.97684023,8.75,7.67288382688366,34.3174771788405,1,1,22.0458459976565,0.903768221721611,7.01825819485775,"mar. 20"
"304",2020-04-01,24.8058,566.016032114633,8.75,7.6904732499811,34.4044577282453,1,1,24.2170218319366,0.920226835270187,7.07779155905813,"abr. 20"
"305",2020-05-01,24.8303809523809,566.755874155791,8.75,7.68111577973625,34.4864209221517,1,1,23.6142494664936,0.917017812740399,7.10668630221391,"may. 20"
"306",2020-06-01,24.7754681818182,574.423557307883,8.75,7.67930616891455,34.572454463377,1,1,22.2298955434816,0.887204529759267,7.08996491856488,"jun. 20"
"307",2020-07-01,24.6790739130435,579.136234603126,8.75,7.67864995087104,34.6602394084648,1,1,22.3934450484329,0.871249858742635,7.01530138728211,"jul. 20"
"308",2020-08-01,24.5410285714286,590.097407086288,8.75,7.6864667350332,34.7468134590764,1,1,22.1722705440991,0.844181215305855,6.93754965421931,"ago. 20"
"309",2020-09-01,24.4828,595.374978727941,8.75,7.73872464283925,34.8313670881522,1,1,21.6262282329282,0.84710236694431,6.8172168434647,"sep. 20"
"310",2020-10-01,24.398,600.568472046632,8.75,7.76333019563512,34.9178523180801,1,1,21.2791172985797,0.847967521910139,6.74012633516215,"oct. 20"
